{
  "task": "27-way intent (fine label)",
  "n_classes": 27,
  "accuracy": 0.99,
  "macro_f1": 0.9893,
  "report": {
    "cancel_order": {
      "precision": 0.9848484848484849,
      "recall": 0.9558823529411765,
      "f1-score": 0.9701492537313433,
      "support": 68.0
    },
    "change_order": {
      "precision": 0.9703703703703703,
      "recall": 0.9776119402985075,
      "f1-score": 0.9739776951672863,
      "support": 134.0
    },
    "change_shipping_address": {
      "precision": 0.9927536231884058,
      "recall": 1.0,
      "f1-score": 0.9963636363636363,
      "support": 137.0
    },
    "check_cancellation_fee": {
      "precision": 0.993006993006993,
      "recall": 1.0,
      "f1-score": 0.9964912280701754,
      "support": 142.0
    },
    "check_invoice": {
      "precision": 0.950354609929078,
      "recall": 0.9925925925925926,
      "f1-score": 0.9710144927536232,
      "support": 135.0
    },
    "check_payment_methods": {
      "precision": 1.0,
      "recall": 0.9939024390243902,
      "f1-score": 0.9969418960244648,
      "support": 164.0
    },
    "check_refund_policy": {
      "precision": 1.0,
      "recall": 0.9933333333333333,
      "f1-score": 0.9966555183946488,
      "support": 150.0
    },
    "complaint": {
      "precision": 0.9880239520958084,
      "recall": 1.0,
      "f1-score": 0.9939759036144579,
      "support": 165.0
    },
    "contact_customer_service": {
      "precision": 0.9935897435897436,
      "recall": 0.9872611464968153,
      "f1-score": 0.9904153354632588,
      "support": 157.0
    },
    "contact_human_agent": {
      "precision": 0.9862068965517241,
      "recall": 1.0,
      "f1-score": 0.9930555555555556,
      "support": 143.0
    },
    "create_account": {
      "precision": 0.9847328244274809,
      "recall": 0.9847328244274809,
      "f1-score": 0.9847328244274809,
      "support": 131.0
    },
    "delete_account": {
      "precision": 0.9784172661870504,
      "recall": 1.0,
      "f1-score": 0.9890909090909091,
      "support": 136.0
    },
    "delivery_options": {
      "precision": 0.989010989010989,
      "recall": 1.0,
      "f1-score": 0.994475138121547,
      "support": 90.0
    },
    "delivery_period": {
      "precision": 1.0,
      "recall": 1.0,
      "f1-score": 1.0,
      "support": 159.0
    },
    "edit_account": {
      "precision": 1.0,
      "recall": 0.9811320754716981,
      "f1-score": 0.9904761904761905,
      "support": 106.0
    },
    "get_invoice": {
      "precision": 0.9924812030075187,
      "recall": 0.9496402877697842,
      "f1-score": 0.9705882352941176,
      "support": 139.0
    },
    "get_refund": {
      "precision": 1.0,
      "recall": 0.9652777777777778,
      "f1-score": 0.9823321554770318,
      "support": 144.0
    },
    "newsletter_subscription": {
      "precision": 1.0,
      "recall": 0.9866666666666667,
      "f1-score": 0.9932885906040269,
      "support": 150.0
    },
    "payment_issue": {
      "precision": 1.0,
      "recall": 0.9852941176470589,
      "f1-score": 0.9925925925925926,
      "support": 136.0
    },
    "place_order": {
      "precision": 0.9802631578947368,
      "recall": 0.9802631578947368,
      "f1-score": 0.9802631578947368,
      "support": 152.0
    },
    "recover_password": {
      "precision": 1.0,
      "recall": 1.0,
      "f1-score": 1.0,
      "support": 165.0
    },
    "registration_problems": {
      "precision": 0.9865771812080537,
      "recall": 0.9932432432432432,
      "f1-score": 0.98989898989899,
      "support": 148.0
    },
    "review": {
      "precision": 1.0,
      "recall": 1.0,
      "f1-score": 1.0,
      "support": 135.0
    },
    "set_up_shipping_address": {
      "precision": 1.0,
      "recall": 0.9936708860759493,
      "f1-score": 0.9968253968253968,
      "support": 158.0
    },
    "switch_account": {
      "precision": 1.0,
      "recall": 1.0,
      "f1-score": 1.0,
      "support": 131.0
    },
    "track_order": {
      "precision": 1.0,
      "recall": 0.9917355371900827,
      "f1-score": 0.995850622406639,
      "support": 121.0
    },
    "track_refund": {
      "precision": 0.9433962264150944,
      "recall": 1.0,
      "f1-score": 0.970873786407767,
      "support": 100.0
    },
    "accuracy": 0.9899891774891775,
    "macro avg": {
      "precision": 0.9894086489530196,
      "recall": 0.9893422362537515,
      "f1-score": 0.989271448320588,
      "support": 3696.0
    },
    "weighted avg": {
      "precision": 0.9901894578627234,
      "recall": 0.9899891774891775,
      "f1-score": 0.9899974323870224,
      "support": 3696.0
    }
  }
}